,time,event_type,stock,attente,perte_magasin,deliv,late_cost
0,-1.0,0,60,0,0,0,0.0
1,0.02112553292464159,2,59,0,0,1,0.0
2,0.055813320520363446,2,58,0,0,1,0.0
3,0.09929772500993636,2,57,0,0,1,0.0
4,0.10287333392354124,2,56,0,0,1,0.0
5,0.10923262165723466,2,55,0,0,1,0.0
6,0.10991929915438191,2,54,0,0,1,0.0
7,0.11657045962984096,1,53,0,0,1,0.0
8,0.12079067236575936,1,52,0,0,1,0.0
9,0.18537988336346975,2,51,0,0,1,0.0
10,0.18874742765345823,2,50,0,0,1,0.0
11,0.19456367836001034,1,49,0,0,1,0.0
12,0.19900317865968764,2,48,0,0,1,0.0
13,0.22350581983004564,2,47,0,0,1,0.0
14,0.26652345808831995,1,46,0,0,1,0.0
15,0.27228063683057807,2,45,0,0,1,0.0
16,0.2847439686724203,2,44,0,0,1,0.0
17,0.2918985667317758,2,43,0,0,1,0.0
18,0.31714929005443865,2,42,0,0,1,0.0
19,0.32036258177924687,2,41,0,0,1,0.0
20,0.3220558411988192,2,40,0,0,1,0.0
21,0.3577878356454549,2,39,0,0,1,0.0
22,0.37017441458347533,2,38,0,0,1,0.0
23,0.3729415236373072,2,37,0,0,1,0.0
24,0.37396422028204557,2,36,0,0,1,0.0
25,0.38068010725524387,2,35,0,0,1,0.0
26,0.3841421848223794,2,34,0,0,1,0.0
27,0.4020945817485322,2,33,0,0,1,0.0
28,0.411645952884597,2,32,0,0,1,0.0
29,0.41414616917603914,1,31,0,0,1,0.0
30,0.4151284404468674,1,30,0,0,1,0.0
31,0.5230548053297213,2,29,0,0,1,0.0
32,0.5333370139820272,1,28,0,0,1,0.0
33,0.5622819605584567,2,27,0,0,1,0.0
34,0.5966174223151498,2,26,0,0,1,0.0
35,0.6442728099739257,2,25,0,0,1,0.0
36,0.6515348713319472,2,24,0,0,1,0.0
37,0.7283942751174403,2,23,0,0,1,0.0
38,0.7596094597757952,2,22,0,0,1,0.0
39,0.7761426204382418,2,21,0,0,1,0.0
40,0.7825270567789618,2,20,0,0,1,0.0
41,0.785212464225656,2,19,0,0,1,0.0
42,0.7931128582018007,2,18,0,0,1,0.0
43,0.801817844950782,2,17,0,0,1,0.0
44,0.8580227500220081,1,16,0,0,1,0.0
45,0.8581936072589836,2,15,0,0,1,0.0
46,0.8623426246898931,2,14,0,0,1,0.0
47,0.9070699257804073,2,13,0,0,1,0.0
48,0.9269121726488224,2,12,0,0,1,0.0
49,0.9415732206945608,2,11,0,0,1,0.0
50,0.9432685510151131,1,10,0,0,1,0.0
51,0.9651975640822157,2,0,1,0,0,0.0
52,0.9761188638821737,1,0,1,1,0,0.0
53,0.9943971704469058,2,0,2,0,0,0.0
54,1.0085348955590085,2,0,3,0,0,0.0
55,1.0211255329246416,3,177,0,0,0,0.0
56,1.0257905007976302,1,176,0,0,1,0.0
57,1.0821955565600958,2,175,0,0,1,0.0
58,1.0943988224050836,2,174,0,0,1,0.0
59,1.1007559156626894,1,173,0,0,1,0.0
60,1.1645875521283515,2,172,0,0,1,0.0
61,1.2044698233154867,2,171,0,0,1,0.0
62,1.2193829750846727,2,170,0,0,1,0.0
63,1.2794869563796254,2,169,0,0,1,0.0
64,1.3152106170762392,2,168,0,0,1,0.0
65,1.317257528832771,2,167,0,0,1,0.0
66,1.327893705132009,2,166,0,0,1,0.0
67,1.3426584190055646,2,165,0,0,1,0.0
68,1.354322507555159,2,164,0,0,1,0.0
69,1.3612053865405709,2,163,0,0,1,0.0
70,1.4151769297135461,1,162,0,0,1,0.0
71,1.4603971203685182,1,161,0,0,1,0.0
72,1.4697052790039156,1,160,0,0,1,0.0
73,1.4859543143664544,2,159,0,0,1,0.0
74,1.515941278573406,2,158,0,0,1,0.0
75,1.5478492511674833,2,157,0,0,1,0.0
76,1.547918400195985,2,156,0,0,1,0.0
77,1.5488033110385424,2,155,0,0,1,0.0
78,1.5716918879613697,1,154,0,0,1,0.0
79,1.5733447981909676,2,153,0,0,1,0.0
80,1.5770333392116873,2,152,0,0,1,0.0
81,1.5815716294070643,2,151,0,0,1,0.0
82,1.5843386607451275,2,150,0,0,1,0.0
83,1.588129947163237,1,149,0,0,1,0.0
84,1.595359083769715,2,148,0,0,1,0.0
85,1.6023704951115607,2,147,0,0,1,0.0
86,1.6172048258984,2,146,0,0,1,0.0
87,1.6882737895920044,2,145,0,0,1,0.0
88,1.7095150803639452,1,144,0,0,1,0.0
89,1.715022618972794,2,143,0,0,1,0.0
90,1.71678376515958,2,142,0,0,1,0.0
91,1.72643925806541,1,141,0,0,1,0.0
92,1.7536678544547133,1,140,0,0,1,0.0
93,1.7626873256745348,2,139,0,0,1,0.0
94,1.7629278720055166,2,138,0,0,1,0.0
95,1.7657702046582797,2,137,0,0,1,0.0
96,1.7971482221029365,1,136,0,0,1,0.0
97,1.8086528231312986,2,135,0,0,1,0.0
98,1.846208425281971,2,134,0,0,1,0.0
99,1.8611013168722028,1,133,0,0,1,0.0
100,1.8745778757078537,2,132,0,0,1,0.0
101,1.9059541919016285,2,131,0,0,1,0.0
102,1.916232877542482,2,130,0,0,1,0.0
103,1.9215202222384868,1,129,0,0,1,0.0
104,1.9266476700026878,2,128,0,0,1,0.0
105,1.9624371749262761,1,127,0,0,1,0.0
106,1.974225871980158,1,126,0,0,1,0.0
107,1.9742450003762089,2,125,0,0,1,0.0
108,2.000319230277635,2,124,0,0,1,0.0
109,2.0504709223231488,2,123,0,0,1,0.0
110,2.05486914041022,2,122,0,0,1,0.0
111,2.0629120610358433,1,121,0,0,1,0.0
112,2.08575452596468,1,120,0,0,1,0.0
113,2.110738982936234,2,119,0,0,1,0.0
114,2.157487956974121,1,118,0,0,1,0.0
115,2.2051101132544813,1,117,0,0,1,0.0
116,2.21229762106003,2,116,0,0,1,0.0
117,2.313138215291447,2,115,0,0,1,0.0
118,2.323853865963149,2,114,0,0,1,0.0
119,2.339964879535119,2,113,0,0,1,0.0
120,2.394326924138818,2,112,0,0,1,0.0
121,2.4064408338515095,2,111,0,0,1,0.0
122,2.4382554450067433,1,110,0,0,1,0.0
123,2.4538584369721073,2,109,0,0,1,0.0
124,2.478651856649229,2,108,0,0,1,0.0
125,2.5163989860656346,1,107,0,0,1,0.0
126,2.5237844510582974,1,106,0,0,1,0.0
127,2.539292586459777,1,105,0,0,1,0.0
128,2.548740174066835,2,104,0,0,1,0.0
129,2.63229176645801,2,103,0,0,1,0.0
130,2.6644878600387636,2,102,0,0,1,0.0
131,2.678075015879203,1,101,0,0,1,0.0
132,2.76748860913866,1,100,0,0,1,0.0
133,2.7750679527399598,1,99,0,0,1,0.0
134,2.7868053249289138,2,98,0,0,1,0.0
135,2.8075124671787286,2,97,0,0,1,0.0
136,2.8138289716205396,2,96,0,0,1,0.0
137,2.8312902893888197,2,95,0,0,1,0.0
138,2.8423486250786727,1,94,0,0,1,0.0
139,2.852199356953491,1,93,0,0,1,0.0
140,2.8525416861705275,2,92,0,0,1,0.0
141,2.8685040904744787,2,91,0,0,1,0.0
142,2.8751239111034113,2,90,0,0,1,0.0
143,2.8834597923825083,2,89,0,0,1,0.0
144,2.917017004842245,2,88,0,0,1,0.0
145,2.9802329481001295,2,87,0,0,1,0.0
146,3.0231064110909904,1,86,0,0,1,0.0
147,3.0609177812406223,1,85,0,0,1,0.0
148,3.0716299368180766,2,84,0,0,1,0.0
149,3.0787237185381966,2,83,0,0,1,0.0
150,3.1138517456709676,2,82,0,0,1,0.0
151,3.1269380280061965,2,81,0,0,1,0.0
152,3.1290350086830827,1,80,0,0,1,0.0
153,3.13505674727479,1,79,0,0,1,0.0
154,3.161727010607041,2,78,0,0,1,0.0
155,3.1677331673124782,2,77,0,0,1,0.0
156,3.2141980013924893,2,76,0,0,1,0.0
157,3.238120374954141,2,75,0,0,1,0.0
158,3.294365652327051,2,74,0,0,1,0.0
159,3.3150414789192166,2,73,0,0,1,0.0
160,3.3211148497985477,2,72,0,0,1,0.0
161,3.3445864413416575,1,71,0,0,1,0.0
162,3.344850162300657,2,70,0,0,1,0.0
163,3.3451975853873277,1,69,0,0,1,0.0
164,3.3561100464632396,2,68,0,0,1,0.0
165,3.3767880063691753,2,67,0,0,1,0.0
166,3.405927596259739,2,66,0,0,1,0.0
167,3.4287615654924575,2,65,0,0,1,0.0
168,3.4419688016442906,1,64,0,0,1,0.0
169,3.443042892719881,2,63,0,0,1,0.0
170,3.4481236366898314,2,62,0,0,1,0.0
171,3.452529278114371,2,61,0,0,1,0.0
172,3.4933935838815646,2,60,0,0,1,0.0
173,3.5891164974591585,2,59,0,0,1,0.0
174,3.6045200293051627,2,58,0,0,1,0.0
175,3.6141030634649596,2,57,0,0,1,0.0
176,3.6683944764267435,2,56,0,0,1,0.0
177,3.732229433545534,2,55,0,0,1,0.0
178,3.819264419905932,2,54,0,0,1,0.0
179,3.880221508307065,2,53,0,0,1,0.0
180,3.9393931141784178,2,52,0,0,1,0.0
181,3.9413314317528223,2,51,0,0,1,0.0
182,3.9417985999380654,2,50,0,0,1,0.0
183,3.9473293790019452,1,49,0,0,1,0.0
184,3.948950091693793,2,48,0,0,1,0.0
185,3.9548681102434577,2,47,0,0,1,0.0
186,3.9602828236209233,1,46,0,0,1,0.0
187,3.9706210689862673,2,45,0,0,1,0.0
188,4.049737917095234,2,44,0,0,1,0.0
189,4.0511427670328715,1,43,0,0,1,0.0
190,4.051725440095483,2,42,0,0,1,0.0
191,4.063422364997747,2,41,0,0,1,0.0
192,4.094528185830008,1,40,0,0,1,0.0
193,4.096945558310134,2,39,0,0,1,0.0
194,4.109536958748276,2,38,0,0,1,0.0
195,4.172615607864692,1,37,0,0,1,0.0
196,4.266301373104971,2,36,0,0,1,0.0
197,4.28496526394835,1,35,0,0,1,0.0
198,4.308686553717441,1,34,0,0,1,0.0
199,4.324599279954706,2,33,0,0,1,0.0
200,4.345117813899597,1,32,0,0,1,0.0
201,4.371252788784047,2,31,0,0,1,0.0
202,4.386368567467676,2,30,0,0,1,0.0
203,4.398167428998113,2,29,0,0,1,0.0
204,4.418137985469571,2,28,0,0,1,0.0
205,4.455457327076194,2,27,0,0,1,0.0
206,4.5263094655634895,2,26,0,0,1,0.0
207,4.532059366596689,2,25,0,0,1,0.0
208,4.557989501330531,2,24,0,0,1,0.0
209,4.570780472825658,2,23,0,0,1,0.0
210,4.5838052455195735,2,22,0,0,1,0.0
211,4.586586687723274,2,21,0,0,1,0.0
212,4.589116497459159,3,201,0,0,0,0.0
213,4.591527510881957,2,200,0,0,1,0.0
214,4.604716072824169,1,199,0,0,1,0.0
215,4.644455331346636,2,198,0,0,1,0.0
216,4.691083631446485,2,197,0,0,1,0.0
217,4.694180992940945,2,196,0,0,1,0.0
218,4.716412427914988,2,195,0,0,1,0.0
219,4.719736674813034,2,194,0,0,1,0.0
220,4.738140376928779,2,193,0,0,1,0.0
221,4.788350447655883,2,192,0,0,1,0.0
222,4.789485929752378,2,191,0,0,1,0.0
223,4.802110821790369,1,190,0,0,1,0.0
224,4.830480980574372,2,189,0,0,1,0.0
225,4.882022546380826,2,188,0,0,1,0.0
226,4.927822147954346,2,187,0,0,1,0.0
227,4.928414600239607,2,186,0,0,1,0.0
228,4.9428786245538765,1,185,0,0,1,0.0
229,4.944828752856816,1,184,0,0,1,0.0
230,4.970160780156643,2,183,0,0,1,0.0
231,5.048931914469311,1,182,0,0,1,0.0
232,5.1299368133521375,2,181,0,0,1,0.0
233,5.137841501673913,1,180,0,0,1,0.0
234,5.210938181526676,2,179,0,0,1,0.0
235,5.228252868510227,1,178,0,0,1,0.0
236,5.253217002289325,2,177,0,0,1,0.0
237,5.253669047908104,1,176,0,0,1,0.0
238,5.291706029978492,2,175,0,0,1,0.0
239,5.309145272210013,2,174,0,0,1,0.0
240,5.323685006166964,2,173,0,0,1,0.0
241,5.325588789491362,2,172,0,0,1,0.0
242,5.337696711823513,2,171,0,0,1,0.0
243,5.339822111426029,1,170,0,0,1,0.0
244,5.3433810677171785,2,169,0,0,1,0.0
245,5.343549565650525,2,168,0,0,1,0.0
246,5.344797216207899,2,167,0,0,1,0.0
247,5.3502058128833205,1,166,0,0,1,0.0
248,5.365363802496153,1,165,0,0,1,0.0
249,5.387838952874063,2,164,0,0,1,0.0
250,5.411073649612387,2,163,0,0,1,0.0
251,5.433858355354059,1,162,0,0,1,0.0
252,5.436474943595719,2,161,0,0,1,0.0
253,5.4795022102449975,2,160,0,0,1,0.0
254,5.491744792161213,2,159,0,0,1,0.0
255,5.491888746977334,2,158,0,0,1,0.0
256,5.540004145815927,1,157,0,0,1,0.0
257,5.542019810633073,2,156,0,0,1,0.0
258,5.562108088288076,1,155,0,0,1,0.0
259,5.584505763866355,2,154,0,0,1,0.0
260,5.5996549667208555,1,153,0,0,1,0.0
261,5.62598459391056,2,152,0,0,1,0.0
262,5.62660627527936,2,151,0,0,1,0.0
263,5.638792436865254,2,150,0,0,1,0.0
264,5.643804801562653,2,149,0,0,1,0.0
265,5.646477425164637,2,148,0,0,1,0.0
266,5.681116468138114,2,147,0,0,1,0.0
267,5.682253873635591,2,146,0,0,1,0.0
268,5.695227799023911,2,145,0,0,1,0.0
269,5.705681413173742,2,144,0,0,1,0.0
270,5.71164124754056,2,143,0,0,1,0.0
271,5.712277078220979,1,142,0,0,1,0.0
272,5.718390960907228,2,141,0,0,1,0.0
273,5.7260197501928864,2,140,0,0,1,0.0
274,5.736036965249045,2,139,0,0,1,0.0
275,5.784688794187552,2,138,0,0,1,0.0
276,5.789387801018703,2,137,0,0,1,0.0
277,5.805991929040505,2,136,0,0,1,0.0
278,5.813700824509549,2,135,0,0,1,0.0
279,5.821706682915494,2,134,0,0,1,0.0
280,5.889033879556592,2,133,0,0,1,0.0
281,5.903280977584844,2,132,0,0,1,0.0
282,5.9377820071185,1,131,0,0,1,0.0
283,5.93988804519601,1,130,0,0,1,0.0
284,5.951681814909567,1,129,0,0,1,0.0
285,6.014354940462002,2,128,0,0,1,0.0
286,6.041161391206621,2,127,0,0,1,0.0
287,6.061885946991223,1,126,0,0,1,0.0
288,6.100454606768028,1,125,0,0,1,0.0
289,6.143517180781741,2,124,0,0,1,0.0
290,6.156833575367664,2,123,0,0,1,0.0
291,6.167131045158161,1,122,0,0,1,0.0
292,6.1744730673863915,2,121,0,0,1,0.0
293,6.184974578687156,2,120,0,0,1,0.0
294,6.196242991956723,1,119,0,0,1,0.0
295,6.227541939569747,2,118,0,0,1,0.0
296,6.271321741824819,2,117,0,0,1,0.0
297,6.28925328373178,1,116,0,0,1,0.0
298,6.305156256589016,1,115,0,0,1,0.0
299,6.319381797628437,1,114,0,0,1,0.0
300,6.34011425770477,2,113,0,0,1,0.0
301,6.359824079934202,1,112,0,0,1,0.0
302,6.367725170591195,1,111,0,0,1,0.0
303,6.42213332458069,2,110,0,0,1,0.0
304,6.422438970488231,2,109,0,0,1,0.0
305,6.460663538578489,2,108,0,0,1,0.0
306,6.486924686181444,1,107,0,0,1,0.0
307,6.511202973370177,2,106,0,0,1,0.0
308,6.544883886141117,2,105,0,0,1,0.0
309,6.54931777566287,2,104,0,0,1,0.0
310,6.596695211837797,2,103,0,0,1,0.0
311,6.606068712092616,2,102,0,0,1,0.0
312,6.620445863564905,1,101,0,0,1,0.0
313,6.6302892918567276,1,100,0,0,1,0.0
314,6.63617463169637,2,99,0,0,1,0.0
315,6.6484607386002255,2,98,0,0,1,0.0
316,6.6871703068378885,2,97,0,0,1,0.0
317,6.723550140394315,2,96,0,0,1,0.0
318,6.784524767322697,2,95,0,0,1,0.0
319,6.793462160329583,2,94,0,0,1,0.0
320,6.794220692863706,1,93,0,0,1,0.0
321,6.795677841958665,2,92,0,0,1,0.0
322,6.8136304088882,2,91,0,0,1,0.0
323,6.893167662363802,1,90,0,0,1,0.0
324,6.895670532914762,2,89,0,0,1,0.0
325,6.948362964087156,2,88,0,0,1,0.0
326,6.9634398786862155,1,87,0,0,1,0.0
327,6.972615949143094,1,86,0,0,1,0.0
328,7.002855336185424,2,85,0,0,1,0.0
329,7.003584215645146,1,84,0,0,1,0.0
330,7.111620207038998,2,83,0,0,1,0.0
331,7.112094426696151,2,82,0,0,1,0.0
332,7.132325746157808,2,81,0,0,1,0.0
333,7.142790679121852,2,80,0,0,1,0.0
334,7.145405340942851,2,79,0,0,1,0.0
335,7.189486475955818,2,78,0,0,1,0.0
336,7.333242569547724,2,77,0,0,1,0.0
337,7.369066434326315,1,76,0,0,1,0.0
338,7.369372580548078,1,75,0,0,1,0.0
339,7.371339266719556,2,74,0,0,1,0.0
340,7.3731230741539555,1,73,0,0,1,0.0
341,7.398977517277464,1,72,0,0,1,0.0
342,7.420730462099371,1,71,0,0,1,0.0
343,7.430510022637515,2,70,0,0,1,0.0
344,7.433003940378162,1,69,0,0,1,0.0
345,7.451860617560691,2,68,0,0,1,0.0
346,7.475143037732699,1,67,0,0,1,0.0
347,7.491168712295136,1,66,0,0,1,0.0
348,7.507894467364023,2,65,0,0,1,0.0
349,7.515678256697815,1,64,0,0,1,0.0
350,7.533287871384006,2,63,0,0,1,0.0
351,7.5398048077117865,2,62,0,0,1,0.0
352,7.588316590968765,1,61,0,0,1,0.0
353,7.641740628809895,2,60,0,0,1,0.0
354,7.671820787516609,1,59,0,0,1,0.0
355,7.692040759247311,2,58,0,0,1,0.0
356,7.723417518613243,1,57,0,0,1,0.0
357,7.750031561921497,2,56,0,0,1,0.0
358,7.768837740542575,1,55,0,0,1,0.0
359,7.784563457558966,2,54,0,0,1,0.0
360,7.7859721031263245,2,53,0,0,1,0.0
361,7.825835416591722,1,52,0,0,1,0.0
362,7.832823715491157,1,51,0,0,1,0.0
363,7.857367247965533,2,50,0,0,1,0.0
364,7.875379758988791,1,49,0,0,1,0.0
365,7.980218486772482,2,48,0,0,1,0.0
366,8.008113059999692,2,47,0,0,1,0.0
367,8.03481556648681,2,46,0,0,1,0.0
368,8.04644708042354,1,45,0,0,1,0.0
369,8.069920569123607,1,44,0,0,1,0.0
370,8.12500871640831,2,43,0,0,1,0.0
371,8.12773877536537,1,42,0,0,1,0.0
372,8.135188548275309,2,41,0,0,1,0.0
373,8.160410612615097,2,40,0,0,1,0.0
374,8.186039022269396,2,39,0,0,1,0.0
375,8.20620327035751,2,38,0,0,1,0.0
376,8.230947558940198,2,37,0,0,1,0.0
377,8.260651573990598,2,36,0,0,1,0.0
378,8.276289692390115,2,35,0,0,1,0.0
379,8.361533084474864,2,34,0,0,1,0.0
380,8.392095563900396,2,33,0,0,1,0.0
381,8.395907800370237,2,32,0,0,1,0.0
382,8.423363734146639,2,31,0,0,1,0.0
383,8.476140610975731,2,30,0,0,1,0.0
384,8.484412180778474,1,29,0,0,1,0.0
385,8.487147179791602,2,28,0,0,1,0.0
386,8.497580188301958,1,27,0,0,1,0.0
387,8.525898631469847,1,26,0,0,1,0.0
388,8.548742276450442,2,25,0,0,1,0.0
389,8.587120567001742,2,24,0,0,1,0.0
390,8.599858358149977,2,23,0,0,1,0.0
391,8.604503368519547,2,22,0,0,1,0.0
392,8.617353877094091,1,21,0,0,1,0.0
393,8.641601000330896,2,20,0,0,1,0.0
394,8.666883575514444,2,19,0,0,1,0.0
395,8.671820787516609,3,199,0,0,0,0.0
396,8.673175194625124,2,198,0,0,1,0.0
397,8.677575087129979,2,197,0,0,1,0.0
398,8.691499198600084,2,196,0,0,1,0.0
399,8.694973272086568,1,195,0,0,1,0.0
400,8.696380625150773,1,194,0,0,1,0.0
401,8.714049413151338,1,193,0,0,1,0.0
402,8.715918896462851,2,192,0,0,1,0.0
403,8.723638857400278,2,191,0,0,1,0.0
404,8.723863113964132,2,190,0,0,1,0.0
405,8.752239018102657,2,189,0,0,1,0.0
406,8.813710309553494,2,188,0,0,1,0.0
407,8.87270794412295,1,187,0,0,1,0.0
408,8.918436148347519,2,186,0,0,1,0.0
409,8.92020446930733,1,185,0,0,1,0.0
410,8.94244519565431,1,184,0,0,1,0.0
411,9.009082552157688,1,183,0,0,1,0.0
412,9.028536977250182,1,182,0,0,1,0.0
413,9.053085409882977,2,181,0,0,1,0.0
414,9.148877717323105,2,180,0,0,1,0.0
415,9.185252329888947,2,179,0,0,1,0.0
416,9.207015638193033,1,178,0,0,1,0.0
417,9.302113826599358,2,177,0,0,1,0.0
418,9.340527412279238,1,176,0,0,1,0.0
419,9.340986879006135,2,175,0,0,1,0.0
420,9.387151402157631,1,174,0,0,1,0.0
421,9.387687701729302,2,173,0,0,1,0.0
422,9.40456633620812,1,172,0,0,1,0.0
423,9.407150949687198,2,171,0,0,1,0.0
424,9.419999841452489,2,170,0,0,1,0.0
425,9.424932340502945,2,169,0,0,1,0.0
426,9.432857308720719,2,168,0,0,1,0.0
427,9.439189273052117,1,167,0,0,1,0.0
428,9.455557213431725,2,166,0,0,1,0.0
429,9.457244688078308,2,165,0,0,1,0.0
430,9.462189872163757,1,164,0,0,1,0.0
431,9.478018497699729,2,163,0,0,1,0.0
432,9.496644528591391,1,162,0,0,1,0.0
433,9.498251310072718,2,161,0,0,1,0.0
434,9.5007359453452,2,160,0,0,1,0.0
435,9.534180152802405,1,159,0,0,1,0.0
436,9.537433749709152,1,158,0,0,1,0.0
437,9.540325908146217,1,157,0,0,1,0.0
438,9.560479086750705,2,156,0,0,1,0.0
439,9.65911629822461,2,155,0,0,1,0.0
440,9.665185206954638,1,154,0,0,1,0.0
441,9.718982794648733,2,153,0,0,1,0.0
442,9.729244595634752,2,152,0,0,1,0.0
443,9.738772068412299,2,151,0,0,1,0.0
444,9.744610287058602,2,150,0,0,1,0.0
445,9.794281624199117,2,149,0,0,1,0.0
446,9.80807377379819,2,148,0,0,1,0.0
447,9.82009043605411,2,147,0,0,1,0.0
448,9.876689176860518,2,146,0,0,1,0.0
449,9.87759017849022,1,145,0,0,1,0.0
450,9.892453141444022,1,144,0,0,1,0.0
451,9.895503931759253,1,143,0,0,1,0.0
452,9.898013010694875,1,142,0,0,1,0.0
453,9.903528921297992,2,141,0,0,1,0.0
454,9.90900448832291,2,140,0,0,1,0.0
455,9.924711520995155,2,139,0,0,1,0.0
456,9.944628645281837,1,138,0,0,1,0.0
457,9.981371679809916,1,137,0,0,1,0.0
458,9.983793411420805,2,136,0,0,1,0.0
459,10.006001833238217,1,135,0,0,1,0.0
460,10.009372175168362,1,134,0,0,1,0.0
461,10.020280747995974,1,133,0,0,1,0.0
462,10.025394026145387,2,132,0,0,1,0.0
463,10.057449965270244,1,131,0,0,1,0.0
464,10.108789557018296,2,130,0,0,1,0.0
465,10.138162486854524,1,129,0,0,1,0.0
466,10.178819405311478,2,128,0,0,1,0.0
467,10.221617427624233,2,127,0,0,1,0.0
468,10.227488583406958,2,126,0,0,1,0.0
469,10.227780362936883,1,125,0,0,1,0.0
470,10.263413180415617,2,124,0,0,1,0.0
471,10.273340721691406,2,123,0,0,1,0.0
472,10.29708444060975,2,122,0,0,1,0.0
473,10.311200498842584,2,121,0,0,1,0.0
474,10.311324568018875,2,120,0,0,1,0.0
475,10.386827886628522,2,119,0,0,1,0.0
476,10.410542627025896,2,118,0,0,1,0.0
477,10.443326028636847,2,117,0,0,1,0.0
478,10.467443753682295,2,116,0,0,1,0.0
479,10.485368540856802,2,115,0,0,1,0.0
480,10.504017456250985,2,114,0,0,1,0.0
481,10.529790085509465,2,113,0,0,1,0.0
482,10.561098969665341,2,112,0,0,1,0.0
483,10.600939293656133,2,111,0,0,1,0.0
484,10.605628416111285,1,110,0,0,1,0.0
485,10.60612425386549,2,109,0,0,1,0.0
486,10.632800673421587,1,108,0,0,1,0.0
487,10.632982895753118,2,107,0,0,1,0.0
488,10.640656758461162,2,106,0,0,1,0.0
489,10.656366640964071,1,105,0,0,1,0.0
490,10.671906833790032,2,104,0,0,1,0.0
491,10.677947731850445,2,103,0,0,1,0.0
492,10.699509968182165,2,102,0,0,1,0.0
493,10.699998458436601,1,101,0,0,1,0.0
494,10.704468068929465,1,100,0,0,1,0.0
495,10.720751459406276,2,99,0,0,1,0.0
496,10.732898201027108,1,98,0,0,1,0.0
497,10.74029128820637,2,97,0,0,1,0.0
498,10.779918074107366,2,96,0,0,1,0.0
499,10.843241593305471,2,95,0,0,1,0.0
500,10.84337621115844,2,94,0,0,1,0.0
501,10.844949595346405,2,93,0,0,1,0.0
502,10.873992877602971,2,92,0,0,1,0.0
503,10.982072927906245,1,91,0,0,1,0.0
504,11.03970490772081,1,90,0,0,1,0.0
505,11.063259749760231,2,89,0,0,1,0.0
506,11.06658980038799,1,88,0,0,1,0.0
507,11.102841655264024,2,87,0,0,1,0.0
508,11.108292972868236,2,86,0,0,1,0.0
509,11.10959397269673,1,85,0,0,1,0.0
510,11.111743651859737,2,84,0,0,1,0.0
511,11.142947374914483,2,83,0,0,1,0.0
512,11.150830588664164,2,82,0,0,1,0.0
513,11.15200711042287,2,81,0,0,1,0.0
514,11.177299818892946,2,80,0,0,1,0.0
515,11.19787845849366,2,79,0,0,1,0.0
516,11.198253483453314,1,78,0,0,1,0.0
517,11.19880425656503,2,77,0,0,1,0.0
518,11.202276463040754,2,76,0,0,1,0.0
519,11.280500271987567,1,75,0,0,1,0.0
520,11.285713449313358,2,74,0,0,1,0.0
521,11.333223982729853,1,73,0,0,1,0.0
522,11.3332659956468,1,72,0,0,1,0.0
523,11.351283985887866,1,71,0,0,1,0.0
524,11.354471647723136,1,70,0,0,1,0.0
525,11.417005491896235,2,69,0,0,1,0.0
526,11.440814227841894,2,68,0,0,1,0.0
527,11.444569549560997,2,67,0,0,1,0.0
528,11.454947222106714,2,66,0,0,1,0.0
529,11.457802020324678,2,65,0,0,1,0.0
530,11.486038453125357,2,64,0,0,1,0.0
531,11.49137047161945,2,63,0,0,1,0.0
532,11.502415369498783,1,62,0,0,1,0.0
533,11.502527855588841,2,61,0,0,1,0.0
534,11.628902075152661,1,60,0,0,1,0.0
535,11.718965831035337,1,59,0,0,1,0.0
536,11.758955900609799,2,58,0,0,1,0.0
537,11.762726738873349,1,57,0,0,1,0.0
538,11.771285310103623,2,56,0,0,1,0.0
539,11.775679125579337,2,55,0,0,1,0.0
540,11.802162750982173,1,54,0,0,1,0.0
541,11.854098984775167,1,53,0,0,1,0.0
542,11.900883324639075,2,52,0,0,1,0.0
543,11.906907318497357,2,51,0,0,1,0.0
544,11.913316441265561,2,50,0,0,1,0.0
545,11.916769778149899,2,49,0,0,1,0.0
546,12.060614180352824,2,48,0,0,1,0.0
547,12.061619402507691,2,47,0,0,1,0.0
548,12.139881651739028,2,46,0,0,1,0.0
549,12.148220034303185,2,45,0,0,1,0.0
550,12.154287524960488,2,44,0,0,1,0.0
551,12.187916076961402,2,43,0,0,1,0.0
552,12.219304266420199,1,42,0,0,1,0.0
553,12.223548147164705,1,41,0,0,1,0.0
554,12.255178638779707,1,40,0,0,1,0.0
555,12.309987293678924,1,39,0,0,1,0.0
556,12.311392042963742,1,38,0,0,1,0.0
557,12.33289373117841,2,37,0,0,1,0.0
558,12.338440167525125,2,36,0,0,1,0.0
559,12.344194479758633,2,35,0,0,1,0.0
560,12.370862207528088,2,34,0,0,1,0.0
561,12.381860727938415,2,33,0,0,1,0.0
562,12.383009950350075,2,32,0,0,1,0.0
563,12.423486290401067,2,31,0,0,1,0.0
564,12.451295171999021,2,30,0,0,1,0.0
565,12.462479212017344,2,29,0,0,1,0.0
566,12.466408496284869,2,28,0,0,1,0.0
567,12.471321912000938,1,27,0,0,1,0.0
568,12.474846052896782,1,26,0,0,1,0.0
569,12.505520647416153,1,25,0,0,1,0.0
570,12.506131801900462,2,24,0,0,1,0.0
571,12.545322191465681,2,23,0,0,1,0.0
572,12.64156026104136,2,22,0,0,1,0.0
573,12.671098810097499,2,21,0,0,1,0.0
574,12.718965831035337,3,201,0,0,0,0.0
575,12.756282531534833,1,200,0,0,1,0.0
576,12.759233139853388,2,199,0,0,1,0.0
577,12.821554004513716,1,198,0,0,1,0.0
578,12.821836872093487,2,197,0,0,1,0.0
579,12.85059352784292,2,196,0,0,1,0.0
580,12.855227154118777,2,195,0,0,1,0.0
581,12.877619166021857,2,194,0,0,1,0.0
582,12.890829129596025,2,193,0,0,1,0.0
583,12.893750309773434,1,192,0,0,1,0.0
584,12.904211813440334,2,191,0,0,1,0.0
585,12.909278694335663,1,190,0,0,1,0.0
586,12.918793357392271,2,189,0,0,1,0.0
587,12.93420999777588,2,188,0,0,1,0.0
588,12.94979379556038,1,187,0,0,1,0.0
589,13.000209560600618,2,186,0,0,1,0.0
590,13.001915837815199,2,185,0,0,1,0.0
591,13.014304790179063,2,184,0,0,1,0.0
592,13.069919364015162,2,183,0,0,1,0.0
593,13.0730932588706,1,182,0,0,1,0.0
594,13.098952606788572,2,181,0,0,1,0.0
595,13.102929253348892,2,180,0,0,1,0.0
596,13.10456777186051,1,179,0,0,1,0.0
597,13.114899146558912,2,178,0,0,1,0.0
598,13.182214899894813,2,177,0,0,1,0.0
599,13.22749014781213,2,176,0,0,1,0.0
600,13.231314203529381,2,175,0,0,1,0.0
601,13.250376998204235,2,174,0,0,1,0.0
602,13.26481980619259,2,173,0,0,1,0.0
603,13.292512473577213,2,172,0,0,1,0.0
604,13.302102568694155,1,171,0,0,1,0.0
605,13.309687079444522,1,170,0,0,1,0.0
606,13.32813583922204,1,169,0,0,1,0.0
607,13.331848560530632,2,168,0,0,1,0.0
608,13.333260800754196,2,167,0,0,1,0.0
609,13.344206894266472,1,166,0,0,1,0.0
610,13.348953322599657,2,165,0,0,1,0.0
611,13.367086174752082,2,164,0,0,1,0.0
612,13.481647231222544,2,163,0,0,1,0.0
613,13.504660690166508,2,162,0,0,1,0.0
614,13.51019072068358,2,161,0,0,1,0.0
615,13.543404994631803,1,160,0,0,1,0.0
616,13.548050887756467,1,159,0,0,1,0.0
617,13.567703540797687,2,158,0,0,1,0.0
618,13.57892806711857,2,157,0,0,1,0.0
619,13.62760535557122,2,156,0,0,1,0.0
620,13.641117347572267,1,155,0,0,1,0.0
621,13.650851814027657,1,154,0,0,1,0.0
622,13.669242958769392,2,153,0,0,1,0.0
623,13.670536560366731,2,152,0,0,1,0.0
624,13.674884377171217,2,151,0,0,1,0.0
625,13.712371716692207,2,150,0,0,1,0.0
626,13.737730768899961,2,149,0,0,1,0.0
627,13.743875298313679,2,148,0,0,1,0.0
628,13.747231526589971,1,147,0,0,1,0.0
629,13.784938426140291,1,146,0,0,1,0.0
630,13.806862626379079,2,145,0,0,1,0.0
631,13.863947661000942,1,144,0,0,1,0.0
632,13.880180276352098,2,143,0,0,1,0.0
633,13.884845500321388,1,142,0,0,1,0.0
634,13.889456003232283,2,141,0,0,1,0.0
635,13.897154762166842,1,140,0,0,1,0.0
636,13.906896123975919,2,139,0,0,1,0.0
637,13.915270579298095,2,138,0,0,1,0.0
638,13.915923666234246,1,137,0,0,1,0.0
639,13.937312641382682,2,136,0,0,1,0.0
640,13.941333112435066,2,135,0,0,1,0.0
641,13.954633866359618,1,134,0,0,1,0.0
642,13.975903757593093,1,133,0,0,1,0.0
643,14.017649403714373,1,132,0,0,1,0.0
644,14.042986120433188,2,131,0,0,1,0.0
645,14.100853397703139,2,130,0,0,1,0.0
646,14.127077238192967,2,129,0,0,1,0.0
647,14.12843878310058,2,128,0,0,1,0.0
648,14.147847550575642,2,127,0,0,1,0.0
649,14.15504219342997,2,126,0,0,1,0.0
650,14.179937575646397,1,125,0,0,1,0.0
651,14.211963462924585,2,124,0,0,1,0.0
652,14.222434617734828,2,123,0,0,1,0.0
653,14.226560187160356,2,122,0,0,1,0.0
654,14.230218685431993,2,121,0,0,1,0.0
655,14.298981778713935,2,120,0,0,1,0.0
656,14.345072086868525,2,119,0,0,1,0.0
657,14.41252526120089,2,118,0,0,1,0.0
658,14.41420333007076,1,117,0,0,1,0.0
659,14.459113809176838,2,116,0,0,1,0.0
660,14.4620125134732,1,115,0,0,1,0.0
661,14.470859234411257,2,114,0,0,1,0.0
662,14.495433881252794,1,113,0,0,1,0.0
663,14.517826948699573,2,112,0,0,1,0.0
664,14.543775621063864,1,111,0,0,1,0.0
665,14.553302755469057,2,110,0,0,1,0.0
666,14.559885434130516,1,109,0,0,1,0.0
667,14.568110813058773,2,108,0,0,1,0.0
668,14.593342592370885,1,107,0,0,1,0.0
669,14.60969962367241,2,106,0,0,1,0.0
670,14.613447263877017,2,105,0,0,1,0.0
671,14.620073828831048,1,104,0,0,1,0.0
672,14.638032824399916,2,103,0,0,1,0.0
673,14.655180630414028,2,102,0,0,1,0.0
674,14.723845689684643,2,101,0,0,1,0.0
675,14.737496250038026,2,100,0,0,1,0.0
676,14.784609966981295,2,99,0,0,1,0.0
677,14.82350899107635,2,98,0,0,1,0.0
678,14.837050282043041,1,97,0,0,1,0.0
679,14.843630989232919,2,96,0,0,1,0.0
680,14.850886604384026,2,95,0,0,1,0.0
681,14.858473611718683,2,94,0,0,1,0.0
682,14.886288418930185,2,93,0,0,1,0.0
683,14.88992788960173,2,92,0,0,1,0.0
684,14.902944993802311,2,91,0,0,1,0.0
685,14.912600501542737,1,90,0,0,1,0.0
686,14.93300912960266,2,89,0,0,1,0.0
687,14.934036145174371,2,88,0,0,1,0.0
688,14.934367737055494,2,87,0,0,1,0.0
689,14.988894590596123,2,86,0,0,1,0.0
690,15.007828140729458,2,85,0,0,1,0.0
691,15.012885767502297,1,84,0,0,1,0.0
692,15.028015981228384,2,83,0,0,1,0.0
693,15.03860164472162,2,82,0,0,1,0.0
694,15.055727499517568,2,81,0,0,1,0.0
695,15.080029011998326,2,80,0,0,1,0.0
696,15.08327364073155,2,79,0,0,1,0.0
697,15.09873775444069,1,78,0,0,1,0.0
698,15.123359138263037,1,77,0,0,1,0.0
699,15.126400272723885,2,76,0,0,1,0.0
700,15.126705061691359,2,75,0,0,1,0.0
701,15.15662351321857,1,74,0,0,1,0.0
702,15.218736246146774,2,73,0,0,1,0.0
703,15.226779671108726,2,72,0,0,1,0.0
704,15.23669159223448,1,71,0,0,1,0.0
705,15.237646630616998,2,70,0,0,1,0.0
706,15.25709585847868,1,69,0,0,1,0.0
707,15.276841041545499,2,68,0,0,1,0.0
708,15.284766029688315,1,67,0,0,1,0.0
709,15.313640041252459,2,66,0,0,1,0.0
710,15.337373264849786,2,65,0,0,1,0.0
711,15.34732179705189,2,64,0,0,1,0.0
712,15.360088304377165,2,63,0,0,1,0.0
713,15.37521502160638,2,62,0,0,1,0.0
714,15.42957354375994,2,61,0,0,1,0.0
715,15.440508094281455,2,60,0,0,1,0.0
716,15.501046336868518,2,59,0,0,1,0.0
717,15.51596819603516,2,58,0,0,1,0.0
718,15.56710649014364,2,57,0,0,1,0.0
719,15.57434294032925,2,56,0,0,1,0.0
720,15.588773218333248,1,55,0,0,1,0.0
721,15.61088887043012,2,54,0,0,1,0.0
722,15.61415402586715,2,53,0,0,1,0.0
723,15.615597532540278,1,52,0,0,1,0.0
724,15.61752051480954,1,51,0,0,1,0.0
725,15.638517829440765,2,50,0,0,1,0.0
726,15.669844926892226,1,49,0,0,1,0.0
727,15.693498779943743,2,48,0,0,1,0.0
728,15.724337530797024,2,47,0,0,1,0.0
729,15.724405283461206,1,46,0,0,1,0.0
730,15.728093172496457,1,45,0,0,1,0.0
731,15.745428596447486,2,44,0,0,1,0.0
732,15.77536206436882,2,43,0,0,1,0.0
733,15.788903856399601,2,42,0,0,1,0.0
734,15.800909571086969,2,41,0,0,1,0.0
735,15.810942371833328,2,40,0,0,1,0.0
736,15.88457318951153,2,39,0,0,1,0.0
737,15.943669142374798,2,38,0,0,1,0.0
738,15.968714866741298,2,37,0,0,1,0.0
739,15.97114219843,1,36,0,0,1,0.0
740,15.972080021601657,2,35,0,0,1,0.0
741,16.036878471676907,1,34,0,0,1,0.0
742,16.0377977093207,1,33,0,0,1,0.0
743,16.05195602917343,2,32,0,0,1,0.0
744,16.05373281569198,1,31,0,0,1,0.0
745,16.054714126675098,2,30,0,0,1,0.0
746,16.110735097013958,2,29,0,0,1,0.0
747,16.119892277661798,1,28,0,0,1,0.0
748,16.121128597865553,2,27,0,0,1,0.0
749,16.178228394904302,2,26,0,0,1,0.0
750,16.18572267053089,1,25,0,0,1,0.0
751,16.19151205194506,1,24,0,0,1,0.0
752,16.22544531856987,1,23,0,0,1,0.0
753,16.227420651862655,2,22,0,0,1,0.0
754,16.266166853173246,2,21,0,0,1,0.0
755,16.276820345833258,2,20,0,0,1,0.0
756,16.28278744616982,2,19,0,0,1,0.0
757,16.289638659587553,1,18,0,0,1,0.0
758,16.29706589189626,2,17,0,0,1,0.0
759,16.359365674689908,2,16,0,0,1,0.0
760,16.386428755134755,2,15,0,0,1,0.0
761,16.483287168129742,2,14,0,0,1,0.0
762,16.50104633686852,3,194,0,0,0,0.0
763,16.501115057851173,2,193,0,0,1,0.0
764,16.50290056971536,1,192,0,0,1,0.0
765,16.572447074341305,1,191,0,0,1,0.0
766,16.59137197503979,2,190,0,0,1,0.0
767,16.59689854466121,2,189,0,0,1,0.0
768,16.6241152249392,2,188,0,0,1,0.0
769,16.64048017651817,2,187,0,0,1,0.0
770,16.660737590761563,2,186,0,0,1,0.0
771,16.67391757378305,1,185,0,0,1,0.0
772,16.676673066456853,2,184,0,0,1,0.0
773,16.69132825778504,2,183,0,0,1,0.0
774,16.72888504854149,2,182,0,0,1,0.0
775,16.75207502365009,2,181,0,0,1,0.0
776,16.752452888879205,2,180,0,0,1,0.0
777,16.764553320450705,2,179,0,0,1,0.0
778,16.784550343420072,1,178,0,0,1,0.0
779,16.790052445611728,1,177,0,0,1,0.0
780,16.809710906205776,2,176,0,0,1,0.0
781,16.845328673916946,2,175,0,0,1,0.0
782,16.85166846385823,2,174,0,0,1,0.0
783,16.861665842048577,2,173,0,0,1,0.0
784,16.87835317839103,2,172,0,0,1,0.0
785,16.88285215718633,2,171,0,0,1,0.0
786,16.89138064605377,2,170,0,0,1,0.0
787,16.935278947670106,1,169,0,0,1,0.0
788,16.944101281991543,1,168,0,0,1,0.0
789,16.96712030497863,2,167,0,0,1,0.0
790,16.96776200352796,2,166,0,0,1,0.0
791,16.980813401956585,2,165,0,0,1,0.0
792,16.984066181257884,2,164,0,0,1,0.0
793,17.00200141267464,2,163,0,0,1,0.0
794,17.013917000968878,1,162,0,0,1,0.0
795,17.037106244705367,1,161,0,0,1,0.0
796,17.118521397991877,2,160,0,0,1,0.0
797,17.16563113773792,2,159,0,0,1,0.0
798,17.18450869682819,2,158,0,0,1,0.0
799,17.192379712690553,2,157,0,0,1,0.0
800,17.210723231425966,2,156,0,0,1,0.0
801,17.241630515075748,2,155,0,0,1,0.0
802,17.245036412864664,1,154,0,0,1,0.0
803,17.30054559881084,2,153,0,0,1,0.0
804,17.329523238358178,2,152,0,0,1,0.0
805,17.355057813397856,1,151,0,0,1,0.0
806,17.36189167597058,2,150,0,0,1,0.0
807,17.369871924490255,1,149,0,0,1,0.0
808,17.390835375919035,1,148,0,0,1,0.0
809,17.408050507698427,1,147,0,0,1,0.0
810,17.433266644983348,2,146,0,0,1,0.0
811,17.438208827023324,2,145,0,0,1,0.0
812,17.441488037191466,1,144,0,0,1,0.0
813,17.45260570687686,2,143,0,0,1,0.0
814,17.45969936002099,2,142,0,0,1,0.0
815,17.514555773782668,1,141,0,0,1,0.0
816,17.522614840916088,2,140,0,0,1,0.0
817,17.552499829402677,2,139,0,0,1,0.0
818,17.565257703592753,2,138,0,0,1,0.0
819,17.60802344299745,1,137,0,0,1,0.0
820,17.63511950948972,2,136,0,0,1,0.0
821,17.66908638442675,2,135,0,0,1,0.0
822,17.71519916501841,2,134,0,0,1,0.0
823,17.75528386716837,1,133,0,0,1,0.0
824,17.758021781310415,2,132,0,0,1,0.0
825,17.857510947535427,2,131,0,0,1,0.0
826,17.86560077103347,1,130,0,0,1,0.0
827,17.874386305273916,2,129,0,0,1,0.0
828,17.880168906992054,2,128,0,0,1,0.0
829,17.882487921647023,1,127,0,0,1,0.0
830,17.899055777416898,2,126,0,0,1,0.0
831,17.90571220260822,1,125,0,0,1,0.0
832,17.90981722429569,2,124,0,0,1,0.0
833,17.93006448992894,2,123,0,0,1,0.0
834,17.942213412819424,1,122,0,0,1,0.0
835,17.944822959673512,2,121,0,0,1,0.0
836,18.015205301279217,2,120,0,0,1,0.0
837,18.036765638371307,1,119,0,0,1,0.0
838,18.113807978378702,2,118,0,0,1,0.0
839,18.121896847065155,1,117,0,0,1,0.0
840,18.12709975985945,1,116,0,0,1,0.0
841,18.144919973624656,1,115,0,0,1,0.0
842,18.145667276738664,2,114,0,0,1,0.0
843,18.15927093218286,2,113,0,0,1,0.0
844,18.185773087449935,1,112,0,0,1,0.0
845,18.19245516752156,1,111,0,0,1,0.0
846,18.230054546784395,1,110,0,0,1,0.0
847,18.253447103476233,1,109,0,0,1,0.0
848,18.293709878348196,2,108,0,0,1,0.0
849,18.294804442910213,2,107,0,0,1,0.0
850,18.38747464600419,1,106,0,0,1,0.0
851,18.400288292895212,1,105,0,0,1,0.0
852,18.409831207171784,2,104,0,0,1,0.0
853,18.425914560299926,2,103,0,0,1,0.0
854,18.426083611955573,2,102,0,0,1,0.0
855,18.450205792242215,2,101,0,0,1,0.0
856,18.461706980451353,2,100,0,0,1,0.0
857,18.5094083142732,2,99,0,0,1,0.0
858,18.571362418493873,2,98,0,0,1,0.0
859,18.58368834674365,2,97,0,0,1,0.0
860,18.63525019436093,2,96,0,0,1,0.0
861,18.640180229003615,1,95,0,0,1,0.0
862,18.68012271698375,1,94,0,0,1,0.0
863,18.680600367589488,1,93,0,0,1,0.0
864,18.685506047138205,1,92,0,0,1,0.0
865,18.716400468410175,2,91,0,0,1,0.0
866,18.724697337429458,2,90,0,0,1,0.0
867,18.732544674279893,2,89,0,0,1,0.0
868,18.73579940323908,2,88,0,0,1,0.0
869,18.746647356084086,1,87,0,0,1,0.0
870,18.760928771012097,2,86,0,0,1,0.0
871,18.763800884401444,2,85,0,0,1,0.0
872,18.785944762969102,1,84,0,0,1,0.0
873,18.903188786266323,2,83,0,0,1,0.0
874,18.965801593215126,1,82,0,0,1,0.0
875,18.976434492837445,1,81,0,0,1,0.0
876,19.01791323039276,2,80,0,0,1,0.0
877,19.038473019270846,1,79,0,0,1,0.0
878,19.073820755637,2,78,0,0,1,0.0
879,19.164333144091085,1,77,0,0,1,0.0
880,19.16852412614989,2,76,0,0,1,0.0
881,19.196486678392315,2,75,0,0,1,0.0
882,19.197282982613668,2,74,0,0,1,0.0
883,19.199710491596658,2,73,0,0,1,0.0
884,19.20277131287306,2,72,0,0,1,0.0
885,19.212020149774826,2,71,0,0,1,0.0
886,19.257794133290137,2,70,0,0,1,0.0
887,19.27163375246406,2,69,0,0,1,0.0
888,19.304493123689042,2,68,0,0,1,0.0
889,19.32490977183232,2,67,0,0,1,0.0
890,19.3307848827258,2,66,0,0,1,0.0
891,19.333805473803586,2,65,0,0,1,0.0
892,19.35449262272199,1,64,0,0,1,0.0
893,19.376512481849648,2,63,0,0,1,0.0
894,19.376783666695474,2,62,0,0,1,0.0
895,19.442778995174226,1,61,0,0,1,0.0
896,19.449444241774092,2,60,0,0,1,0.0
897,19.47085126844574,2,59,0,0,1,0.0
898,19.520480660190596,1,58,0,0,1,0.0
899,19.52744965635911,2,57,0,0,1,0.0
900,19.57710881960606,1,56,0,0,1,0.0
901,19.610680066013238,1,55,0,0,1,0.0
902,19.61734501996995,1,54,0,0,1,0.0
903,19.643837024767098,2,53,0,0,1,0.0
904,19.651793275166003,2,52,0,0,1,0.0
905,19.680835650250888,1,51,0,0,1,0.0
906,19.699981444818995,2,50,0,0,1,0.0
907,19.718477554272617,1,49,0,0,1,0.0
908,19.737117375101466,2,48,0,0,1,0.0
909,19.761588424457507,1,47,0,0,1,0.0
910,19.779418418060807,2,46,0,0,1,0.0
911,19.79118019761736,1,45,0,0,1,0.0
912,19.825235972461364,2,44,0,0,1,0.0
913,19.835121840665575,2,43,0,0,1,0.0
914,19.83522821351011,2,42,0,0,1,0.0
915,19.854009088948978,2,41,0,0,1,0.0
916,19.88428111894612,1,40,0,0,1,0.0
917,19.893466924615964,2,39,0,0,1,0.0
918,19.895199562892426,1,38,0,0,1,0.0
919,19.923835470810452,2,37,0,0,1,0.0
920,19.953422804435558,2,36,0,0,1,0.0
921,19.955759062620736,2,35,0,0,1,0.0
922,19.972561451616297,2,34,0,0,1,0.0
923,19.976299946197326,1,33,0,0,1,0.0
924,19.99487152624037,2,32,0,0,1,0.0
925,19.997581535203093,1,31,0,0,1,0.0
926,20.029146311341155,1,30,0,0,1,0.0
927,20.04024410903726,2,29,0,0,1,0.0
928,20.071812476494788,2,28,0,0,1,0.0
929,20.07699337928088,1,27,0,0,1,0.0
930,20.078628303326916,2,26,0,0,1,0.0
931,20.090451496438327,2,25,0,0,1,0.0
932,20.121187254246674,2,24,0,0,1,0.0
933,20.16008653182372,2,23,0,0,1,0.0
934,20.177114751690194,1,22,0,0,1,0.0
935,20.201206721854497,2,21,0,0,1,0.0
936,20.214751103643103,1,20,0,0,1,0.0
937,20.21538547583792,2,19,0,0,1,0.0
938,20.228737720957202,2,18,0,0,1,0.0
939,20.23345058962754,2,17,0,0,1,0.0
940,20.255961884430732,1,16,0,0,1,0.0
941,20.260219392264254,2,15,0,0,1,0.0
942,20.26707047590789,2,14,0,0,1,0.0
943,20.274040824326836,1,13,0,0,1,0.0
944,20.299181369165993,1,12,0,0,1,0.0
945,20.317464505582503,2,11,0,0,1,0.0
946,20.319842641518658,2,10,0,0,1,0.0
947,20.333159021316128,2,0,1,0,0,0.0
948,20.343712400913777,2,0,2,0,0,0.0
949,20.385122920536478,2,0,3,0,0,0.0
950,20.39925990642533,1,0,3,1,0,0.0
951,20.47085126844574,3,177,0,0,0,0.0
952,20.47979791262429,2,176,0,0,1,0.0
953,20.53288971010001,1,175,0,0,1,0.0
954,20.566968501204265,1,174,0,0,1,0.0
955,20.56876840153165,2,173,0,0,1,0.0
956,20.614872109054993,1,172,0,0,1,0.0
957,20.616151234519005,2,171,0,0,1,0.0
958,20.62590212663352,2,170,0,0,1,0.0
959,20.62795193973402,2,169,0,0,1,0.0
960,20.658774009707514,2,168,0,0,1,0.0
961,20.672175211420317,2,167,0,0,1,0.0
962,20.69181959701554,2,166,0,0,1,0.0
963,20.762139246641233,2,165,0,0,1,0.0
964,20.797646734219047,1,164,0,0,1,0.0
965,20.79893773663544,2,163,0,0,1,0.0
966,20.80249258843805,2,162,0,0,1,0.0
967,20.838216280201465,2,161,0,0,1,0.0
968,20.865940600457826,1,160,0,0,1,0.0
969,20.876531657830963,2,159,0,0,1,0.0
970,20.886300124685878,2,158,0,0,1,0.0
971,20.90859879405034,2,157,0,0,1,0.0
972,20.98847790182146,2,156,0,0,1,0.0
973,21.016239267451553,1,155,0,0,1,0.0
974,21.03590343982023,2,154,0,0,1,0.0
975,21.042506289489435,1,153,0,0,1,0.0
976,21.055554755712308,2,152,0,0,1,0.0
977,21.057134532436102,2,151,0,0,1,0.0
978,21.098796286191245,2,150,0,0,1,0.0
979,21.13595219413879,2,149,0,0,1,0.0
980,21.156709040072226,1,148,0,0,1,0.0
981,21.160071250301712,2,147,0,0,1,0.0
982,21.19912203257333,1,146,0,0,1,0.0
983,21.22439500545598,1,145,0,0,1,0.0
984,21.261692156895236,2,144,0,0,1,0.0
985,21.27746760370819,2,143,0,0,1,0.0
986,21.304102409479814,2,142,0,0,1,0.0
987,21.316796612165692,2,141,0,0,1,0.0
988,21.406787032969778,1,140,0,0,1,0.0
989,21.407676376271244,2,139,0,0,1,0.0
990,21.446063150160448,2,138,0,0,1,0.0
991,21.44864609539955,2,137,0,0,1,0.0
992,21.539219563752688,1,136,0,0,1,0.0
993,21.546846803244133,2,135,0,0,1,0.0
994,21.574812219713316,1,134,0,0,1,0.0
995,21.582728356582802,1,133,0,0,1,0.0
996,21.60503845972823,2,132,0,0,1,0.0
997,21.620965159488097,2,131,0,0,1,0.0
998,21.671492081498375,2,130,0,0,1,0.0
999,21.680795533992004,2,129,0,0,1,0.0
1000,21.703462107527585,2,128,0,0,1,0.0
1001,21.72932434397962,2,127,0,0,1,0.0
1002,21.767280682175596,1,126,0,0,1,0.0
1003,21.768403546809125,2,125,0,0,1,0.0
1004,21.788594075459955,2,124,0,0,1,0.0
1005,21.853407793285072,2,123,0,0,1,0.0
1006,21.857376056563584,2,122,0,0,1,0.0
1007,21.864744447958017,2,121,0,0,1,0.0
1008,21.876829230960904,2,120,0,0,1,0.0
1009,21.88746716459473,1,119,0,0,1,0.0
1010,21.895521931197827,1,118,0,0,1,0.0
1011,21.896151328295296,2,117,0,0,1,0.0
1012,21.910986182452042,1,116,0,0,1,0.0
1013,21.912004454718897,2,115,0,0,1,0.0
1014,21.93471079899775,1,114,0,0,1,0.0
1015,21.938011226668092,2,113,0,0,1,0.0
1016,21.93919406912843,2,112,0,0,1,0.0
1017,21.943007265309667,2,111,0,0,1,0.0
1018,21.950665896063676,2,110,0,0,1,0.0
1019,21.95802330015655,1,109,0,0,1,0.0
1020,21.959823552425743,2,108,0,0,1,0.0
1021,21.969913975432423,1,107,0,0,1,0.0
1022,22.006163977066635,2,106,0,0,1,0.0
1023,22.01592860334716,2,105,0,0,1,0.0
1024,22.024066009063787,2,104,0,0,1,0.0
1025,22.030659902844,2,103,0,0,1,0.0
1026,22.041388218704014,2,102,0,0,1,0.0
1027,22.04578016285711,2,101,0,0,1,0.0
1028,22.068859286972607,2,100,0,0,1,0.0
1029,22.08347504624996,2,99,0,0,1,0.0
1030,22.088829805559683,2,98,0,0,1,0.0
1031,22.11417815702025,2,97,0,0,1,0.0
1032,22.168800271241967,1,96,0,0,1,0.0
1033,22.17660154727777,1,95,0,0,1,0.0
1034,22.18912236910588,2,94,0,0,1,0.0
1035,22.20763746544454,2,93,0,0,1,0.0
1036,22.260922386699143,2,92,0,0,1,0.0
1037,22.27024958381639,2,91,0,0,1,0.0
1038,22.275746043271123,2,90,0,0,1,0.0
1039,22.305110922319134,1,89,0,0,1,0.0
1040,22.320286029639547,2,88,0,0,1,0.0
1041,22.32169239731684,2,87,0,0,1,0.0
1042,22.371944840185517,1,86,0,0,1,0.0
1043,22.38000666374658,2,85,0,0,1,0.0
1044,22.411777468292886,2,84,0,0,1,0.0
1045,22.41263384343309,1,83,0,0,1,0.0
1046,22.41438804785047,1,82,0,0,1,0.0
1047,22.426658452308015,2,81,0,0,1,0.0
1048,22.45678353391415,1,80,0,0,1,0.0
1049,22.491175897338582,1,79,0,0,1,0.0
1050,22.50544645488525,2,78,0,0,1,0.0
1051,22.515107615059307,1,77,0,0,1,0.0
1052,22.51638932637551,2,76,0,0,1,0.0
1053,22.57978972577858,2,75,0,0,1,0.0
1054,22.632349253461125,2,74,0,0,1,0.0
1055,22.651904199200516,1,73,0,0,1,0.0
1056,22.655694113509895,2,72,0,0,1,0.0
1057,22.67233632340347,1,71,0,0,1,0.0
1058,22.717929795689653,1,70,0,0,1,0.0
1059,22.720179005912392,2,69,0,0,1,0.0
1060,22.75378249806631,2,68,0,0,1,0.0
1061,22.76304119832164,1,67,0,0,1,0.0
1062,22.78256421301952,2,66,0,0,1,0.0
1063,22.796943650711704,2,65,0,0,1,0.0
1064,22.79735860813304,2,64,0,0,1,0.0
1065,22.81312355944235,2,63,0,0,1,0.0
1066,22.81793715530224,2,62,0,0,1,0.0
1067,22.821449693054156,2,61,0,0,1,0.0
1068,22.898102783842035,2,60,0,0,1,0.0
1069,22.902615707027575,2,59,0,0,1,0.0
1070,23.044319233660545,2,58,0,0,1,0.0
1071,23.07286941329385,1,57,0,0,1,0.0
1072,23.07953324589982,2,56,0,0,1,0.0
1073,23.120704498360855,1,55,0,0,1,0.0
1074,23.162808130862405,2,54,0,0,1,0.0
1075,23.165343977156873,2,53,0,0,1,0.0
1076,23.174466844569555,2,52,0,0,1,0.0
1077,23.206425402893153,2,51,0,0,1,0.0
1078,23.254214204525127,2,50,0,0,1,0.0
1079,23.257626025928932,2,49,0,0,1,0.0
1080,23.26502258813598,2,48,0,0,1,0.0
1081,23.2936429013668,2,47,0,0,1,0.0
1082,23.299840115687577,2,46,0,0,1,0.0
1083,23.31070848827875,2,45,0,0,1,0.0
1084,23.324246804670075,2,44,0,0,1,0.0
1085,23.39697580412534,1,43,0,0,1,0.0
1086,23.490323833554683,1,42,0,0,1,0.0
1087,23.507233130266904,2,41,0,0,1,0.0
1088,23.52930531397045,1,40,0,0,1,0.0
1089,23.537855387523276,2,39,0,0,1,0.0
1090,23.589598144840977,2,38,0,0,1,0.0
1091,23.59026521895416,2,37,0,0,1,0.0
1092,23.597526116907993,2,36,0,0,1,0.0
1093,23.61210116950747,2,35,0,0,1,0.0
1094,23.62792415472762,2,34,0,0,1,0.0
1095,23.65763665571485,2,33,0,0,1,0.0
1096,23.6765226110717,2,32,0,0,1,0.0
1097,23.748539338940915,2,31,0,0,1,0.0
1098,23.75929618475518,2,30,0,0,1,0.0
1099,23.762039675751293,2,29,0,0,1,0.0
1100,23.812730581408097,2,28,0,0,1,0.0
1101,23.85271282987854,2,27,0,0,1,0.0
1102,23.888047029869796,1,26,0,0,1,0.0
1103,23.902615707027575,3,206,0,0,0,0.0
1104,23.916298630584247,1,205,0,0,1,0.0
1105,23.94431403902941,1,204,0,0,1,0.0
1106,23.9645575424143,2,203,0,0,1,0.0
1107,24.003380592178658,1,202,0,0,1,0.0
1108,24.00739152444984,2,201,0,0,1,0.0
1109,24.068201620264,1,200,0,0,1,0.0
1110,24.10878735026424,2,199,0,0,1,0.0
1111,24.13934402099431,2,198,0,0,1,0.0
1112,24.141513084122824,2,197,0,0,1,0.0
1113,24.17433733976074,2,196,0,0,1,0.0
1114,24.195534068915407,2,195,0,0,1,0.0
1115,24.22059458433623,2,194,0,0,1,0.0
1116,24.24087024997081,2,193,0,0,1,0.0
1117,24.24540698874581,1,192,0,0,1,0.0
1118,24.251720552312296,2,191,0,0,1,0.0
1119,24.280393553459856,1,190,0,0,1,0.0
1120,24.387684273029606,2,189,0,0,1,0.0
1121,24.42675791328076,1,188,0,0,1,0.0
1122,24.4503637948992,2,187,0,0,1,0.0
1123,24.455277361463274,2,186,0,0,1,0.0
1124,24.46329640286286,2,185,0,0,1,0.0
1125,24.466315645675607,1,184,0,0,1,0.0
1126,24.48786177762009,2,183,0,0,1,0.0
1127,24.50185002165635,2,182,0,0,1,0.0
1128,24.520691584484638,1,181,0,0,1,0.0
1129,24.52400320123349,2,180,0,0,1,0.0
1130,24.542949872293168,1,179,0,0,1,0.0
1131,24.55036750955005,1,178,0,0,1,0.0
1132,24.564344273467494,1,177,0,0,1,0.0
1133,24.57370890041532,1,176,0,0,1,0.0
1134,24.65423332619195,2,175,0,0,1,0.0
1135,24.686754767179067,1,174,0,0,1,0.0
1136,24.6948469999056,2,173,0,0,1,0.0
1137,24.718493111671535,2,172,0,0,1,0.0
1138,24.725509829294197,1,171,0,0,1,0.0
1139,24.74296858070463,2,170,0,0,1,0.0
1140,24.761123682607632,1,169,0,0,1,0.0
1141,24.76655253965586,2,168,0,0,1,0.0
1142,24.804221598196822,2,167,0,0,1,0.0
1143,24.819040746996457,2,166,0,0,1,0.0
1144,24.880303773631827,2,165,0,0,1,0.0
1145,24.898576954948467,1,164,0,0,1,0.0
1146,24.906141538873687,1,163,0,0,1,0.0
1147,24.910455168933705,2,162,0,0,1,0.0
1148,24.930769956187575,2,161,0,0,1,0.0
1149,24.93348001826834,2,160,0,0,1,0.0
1150,24.965150658230204,2,159,0,0,1,0.0
1151,25.00421082262064,1,158,0,0,1,0.0
1152,25.034004776810487,2,157,0,0,1,0.0
1153,25.0463848837987,1,156,0,0,1,0.0
1154,25.046436924478172,1,155,0,0,1,0.0
1155,25.06877538874243,1,154,0,0,1,0.0
1156,25.070511399366662,1,153,0,0,1,0.0
1157,25.081597199358814,1,152,0,0,1,0.0
1158,25.100304453759,1,151,0,0,1,0.0
1159,25.11078056358193,1,150,0,0,1,0.0
1160,25.164903912048857,2,149,0,0,1,0.0
1161,25.169870132454662,2,148,0,0,1,0.0
1162,25.205422790800444,2,147,0,0,1,0.0
1163,25.22379660858712,2,146,0,0,1,0.0
1164,25.234297502327365,1,145,0,0,1,0.0
1165,25.25379308034858,1,144,0,0,1,0.0
1166,25.281979702703573,2,143,0,0,1,0.0
1167,25.287964885471737,2,142,0,0,1,0.0
1168,25.36868752856099,1,141,0,0,1,0.0
1169,25.374254159283893,1,140,0,0,1,0.0
1170,25.401313452191857,1,139,0,0,1,0.0
1171,25.50645822341068,2,138,0,0,1,0.0
1172,25.532333694942334,2,137,0,0,1,0.0
1173,25.55577619116397,1,136,0,0,1,0.0
1174,25.556187667045283,1,135,0,0,1,0.0
1175,25.592566344841426,1,134,0,0,1,0.0
1176,25.646953309013444,1,133,0,0,1,0.0
1177,25.6575054792885,2,132,0,0,1,0.0
1178,25.69049966252246,1,131,0,0,1,0.0
1179,25.705664740802302,2,130,0,0,1,0.0
1180,25.72231585709422,1,129,0,0,1,0.0
1181,25.83062067040523,2,128,0,0,1,0.0
1182,25.836970025164952,2,127,0,0,1,0.0
1183,25.872457597845088,1,126,0,0,1,0.0
1184,25.8903706531137,2,125,0,0,1,0.0
1185,25.919226052208927,2,124,0,0,1,0.0
1186,25.92577586771176,2,123,0,0,1,0.0
1187,25.957488124641344,2,122,0,0,1,0.0
1188,25.957997104876423,1,121,0,0,1,0.0
1189,25.96310902880253,2,120,0,0,1,0.0
1190,25.97375381527895,2,119,0,0,1,0.0
1191,26.023413151551708,2,118,0,0,1,0.0
1192,26.023729552410703,1,117,0,0,1,0.0
1193,26.099994425784345,1,116,0,0,1,0.0
1194,26.107687735424303,2,115,0,0,1,0.0
1195,26.126960515363127,1,114,0,0,1,0.0
1196,26.162681318331106,1,113,0,0,1,0.0
1197,26.234368165754834,2,112,0,0,1,0.0
1198,26.324112303415628,2,111,0,0,1,0.0
1199,26.328978665153418,1,110,0,0,1,0.0
1200,26.421656335969676,2,109,0,0,1,0.0
1201,26.4839645972711,2,108,0,0,1,0.0
1202,26.49596383676518,2,107,0,0,1,0.0
1203,26.567177445493446,2,106,0,0,1,0.0
1204,26.71120473730978,1,105,0,0,1,0.0
1205,26.712097036135738,1,104,0,0,1,0.0
1206,26.715803989263602,2,103,0,0,1,0.0
1207,26.716487913868477,2,102,0,0,1,0.0
1208,26.726499995925916,2,101,0,0,1,0.0
1209,26.76658283470663,1,100,0,0,1,0.0
1210,26.77039075587743,2,99,0,0,1,0.0
1211,26.783254813964657,1,98,0,0,1,0.0
1212,26.78338164786999,1,97,0,0,1,0.0
1213,26.788291366626055,2,96,0,0,1,0.0
1214,26.7896355060241,2,95,0,0,1,0.0
1215,26.832576330911966,1,94,0,0,1,0.0
1216,26.838967835286773,1,93,0,0,1,0.0
1217,26.842802803694013,1,92,0,0,1,0.0
1218,26.849993317002106,2,91,0,0,1,0.0
1219,26.85079078064149,2,90,0,0,1,0.0
1220,26.85262063396856,1,89,0,0,1,0.0
1221,26.869926551516937,2,88,0,0,1,0.0
1222,26.928389290393735,2,87,0,0,1,0.0
1223,26.960701813522288,1,86,0,0,1,0.0
1224,27.007988716747466,1,85,0,0,1,0.0
1225,27.01130579185564,1,84,0,0,1,0.0
1226,27.07772272467158,2,83,0,0,1,0.0
1227,27.109159118463065,1,82,0,0,1,0.0
1228,27.119788791331306,2,81,0,0,1,0.0
1229,27.139773399680966,2,80,0,0,1,0.0
1230,27.181275111686624,2,79,0,0,1,0.0
1231,27.20960398693283,1,78,0,0,1,0.0
1232,27.3191522654122,2,77,0,0,1,0.0
1233,27.31975205105021,2,76,0,0,1,0.0
1234,27.37137024110008,2,75,0,0,1,0.0
1235,27.465882413065493,2,74,0,0,1,0.0
1236,27.4823890680126,2,73,0,0,1,0.0
1237,27.488902109270903,1,72,0,0,1,0.0
1238,27.517909706574333,2,71,0,0,1,0.0
1239,27.54661876955776,2,70,0,0,1,0.0
1240,27.563039302265892,1,69,0,0,1,0.0
1241,27.588066411739877,2,68,0,0,1,0.0
1242,27.627018684598777,2,67,0,0,1,0.0
1243,27.664857959164763,1,66,0,0,1,0.0
1244,27.665273929786814,1,65,0,0,1,0.0
1245,27.69939195635115,2,64,0,0,1,0.0
1246,27.709319799470464,1,63,0,0,1,0.0
1247,27.71287923082496,1,62,0,0,1,0.0
1248,27.713502692990776,1,61,0,0,1,0.0
1249,27.71916893531903,1,60,0,0,1,0.0
1250,27.7285108532805,2,59,0,0,1,0.0
1251,27.743772645877428,2,58,0,0,1,0.0
1252,27.7669912995815,1,57,0,0,1,0.0
1253,27.77142587126543,2,56,0,0,1,0.0
1254,27.77953904723661,2,55,0,0,1,0.0
1255,27.785706242577355,2,54,0,0,1,0.0
1256,27.8035178327983,2,53,0,0,1,0.0
1257,27.8052598514263,1,52,0,0,1,0.0
1258,27.824062787160376,2,51,0,0,1,0.0
1259,27.90592523925024,2,50,0,0,1,0.0
1260,27.913262316252034,2,49,0,0,1,0.0
1261,27.914136870748475,2,48,0,0,1,0.0
1262,27.933051137250793,2,47,0,0,1,0.0
1263,27.940842290580363,1,46,0,0,1,0.0
1264,27.961047381095373,2,45,0,0,1,0.0
1265,27.966462662913667,1,44,0,0,1,0.0
1266,27.971727717697163,1,43,0,0,1,0.0
1267,27.981829721438093,2,42,0,0,1,0.0
1268,27.98449197224789,2,41,0,0,1,0.0
1269,28.014936192270273,1,40,0,0,1,0.0
1270,28.020918906339237,2,39,0,0,1,0.0
1271,28.028651665272495,2,38,0,0,1,0.0
1272,28.0773047041802,2,37,0,0,1,0.0
1273,28.084275312009204,2,36,0,0,1,0.0
1274,28.10610289858646,1,35,0,0,1,0.0
1275,28.115883112407914,1,34,0,0,1,0.0
1276,28.122730308271688,2,33,0,0,1,0.0
1277,28.14361644881066,1,32,0,0,1,0.0
1278,28.17630576482395,2,31,0,0,1,0.0
1279,28.189278222933545,2,30,0,0,1,0.0
1280,28.200136087343715,1,29,0,0,1,0.0
1281,28.22542159727721,2,28,0,0,1,0.0
1282,28.226649384638108,2,27,0,0,1,0.0
1283,28.25210412340046,2,26,0,0,1,0.0
1284,28.27640300731124,2,25,0,0,1,0.0
1285,28.308754487977584,1,24,0,0,1,0.0
1286,28.328409556468333,1,23,0,0,1,0.0
1287,28.336743325166267,2,22,0,0,1,0.0
1288,28.343230183339656,1,21,0,0,1,0.0
1289,28.404869744969822,2,20,0,0,1,0.0
1290,28.451523968249123,2,19,0,0,1,0.0
1291,28.51814870536571,2,18,0,0,1,0.0
1292,28.520905524338872,1,17,0,0,1,0.0
1293,28.566183793488342,2,16,0,0,1,0.0
1294,28.594434589130394,2,15,0,0,1,0.0
1295,28.623551169440308,2,14,0,0,1,0.0
1296,28.69133576963463,1,13,0,0,1,0.0
1297,28.697321735936583,2,12,0,0,1,0.0
1298,28.716283577789785,2,11,0,0,1,0.0
1299,28.717872602336044,2,10,0,0,1,0.0
1300,28.7285108532805,3,190,0,0,0,0.0
1301,28.769272819678243,2,189,0,0,1,0.0
1302,28.77118915841428,2,188,0,0,1,0.0
1303,28.816437604433656,1,187,0,0,1,0.0
1304,28.86698982120425,2,186,0,0,1,0.0
1305,28.876877012705926,2,185,0,0,1,0.0
1306,28.881542201874502,1,184,0,0,1,0.0
1307,28.90957223239785,1,183,0,0,1,0.0
1308,28.933780203768347,2,182,0,0,1,0.0
1309,28.93481082342362,2,181,0,0,1,0.0
1310,28.942216138397416,2,180,0,0,1,0.0
1311,28.949178914966833,1,179,0,0,1,0.0
1312,28.986326011676123,1,178,0,0,1,0.0
1313,28.989012095078433,2,177,0,0,1,0.0
1314,28.991732006043566,1,176,0,0,1,0.0
1315,29.00880835069487,1,175,0,0,1,0.0
1316,29.008923999367084,2,174,0,0,1,0.0
1317,29.07181281127677,1,173,0,0,1,0.0
1318,29.075770981678673,2,172,0,0,1,0.0
1319,29.078134163195877,2,171,0,0,1,0.0
1320,29.07892675361522,2,170,0,0,1,0.0
1321,29.116101463019046,1,169,0,0,1,0.0
1322,29.11925460931394,2,168,0,0,1,0.0
1323,29.14256166866236,1,167,0,0,1,0.0
1324,29.145724510931167,2,166,0,0,1,0.0
1325,29.16961645519657,2,165,0,0,1,0.0
1326,29.17238989326458,1,164,0,0,1,0.0
1327,29.233537928934954,2,163,0,0,1,0.0
1328,29.253388085756104,2,162,0,0,1,0.0
1329,29.268841468353667,2,161,0,0,1,0.0
1330,29.273904490963286,2,160,0,0,1,0.0
1331,29.31997382241056,2,159,0,0,1,0.0
1332,29.327811146865244,2,158,0,0,1,0.0
1333,29.339251170221456,1,157,0,0,1,0.0
1334,29.377740525218208,2,156,0,0,1,0.0
1335,29.44593793834245,2,155,0,0,1,0.0
1336,29.44786982570032,1,154,0,0,1,0.0
1337,29.461719971601156,2,153,0,0,1,0.0
1338,29.46807266842023,2,152,0,0,1,0.0
1339,29.479597533662695,1,151,0,0,1,0.0
1340,29.480572615549164,1,150,0,0,1,0.0
1341,29.491152560179213,1,149,0,0,1,0.0
1342,29.518893870042973,1,148,0,0,1,0.0
1343,29.5538716785374,1,147,0,0,1,0.0
1344,29.598367625824203,2,146,0,0,1,0.0
1345,29.611589719239436,2,145,0,0,1,0.0
1346,29.630679799178306,1,144,0,0,1,0.0
1347,29.663122109694083,2,143,0,0,1,0.0
1348,29.66663539448455,2,142,0,0,1,0.0
1349,29.717410103374093,2,141,0,0,1,0.0
1350,29.732181849177298,1,140,0,0,1,0.0
1351,29.753537693375154,2,139,0,0,1,0.0
1352,29.77232012028099,2,138,0,0,1,0.0
1353,29.77363042811924,1,137,0,0,1,0.0
1354,29.81454284440346,1,136,0,0,1,0.0
1355,29.816254719900645,1,135,0,0,1,0.0
1356,29.819177935174395,2,134,0,0,1,0.0
1357,29.821177372793656,1,133,0,0,1,0.0
1358,29.838739742944423,1,132,0,0,1,0.0
1359,29.849349702282726,2,131,0,0,1,0.0
1360,29.87327822565628,1,130,0,0,1,0.0
1361,29.887054747223488,1,129,0,0,1,0.0
1362,29.89322743858908,2,128,0,0,1,0.0
1363,29.929554822117407,2,127,0,0,1,0.0
1364,30.006436263709826,1,126,0,0,1,0.0
1365,30.01932240465014,2,125,0,0,1,0.0
1366,30.026007711715085,2,124,0,0,1,0.0
1367,30.033506417468033,2,123,0,0,1,0.0
1368,30.035597268326757,2,122,0,0,1,0.0
1369,30.103692100807013,2,121,0,0,1,0.0
1370,30.12987981667211,1,120,0,0,1,0.0
1371,30.13932714498046,1,119,0,0,1,0.0
1372,30.15270942730219,2,118,0,0,1,0.0
1373,30.2165592732956,2,117,0,0,1,0.0
1374,30.22036519473207,2,116,0,0,1,0.0
1375,30.335444898701102,1,115,0,0,1,0.0
1376,30.357124853388385,2,114,0,0,1,0.0
1377,30.36767925821037,1,113,0,0,1,0.0
1378,30.37078108707595,2,112,0,0,1,0.0
1379,30.419883645024324,1,111,0,0,1,0.0
1380,30.46616596307325,2,110,0,0,1,0.0
1381,30.467593206457547,2,109,0,0,1,0.0
1382,30.50197290758589,1,108,0,0,1,0.0
1383,30.506791299972893,2,107,0,0,1,0.0
1384,30.542079442170984,2,106,0,0,1,0.0
1385,30.55641275155649,2,105,0,0,1,0.0
1386,30.59932585990515,2,104,0,0,1,0.0
1387,30.630100040095815,1,103,0,0,1,0.0
1388,30.666070876136853,2,102,0,0,1,0.0
1389,30.72122119824675,1,101,0,0,1,0.0
1390,30.727390582651335,2,100,0,0,1,0.0
1391,30.74637012975672,2,99,0,0,1,0.0
1392,30.756175661101,2,98,0,0,1,0.0
1393,30.756599071623846,2,97,0,0,1,0.0
1394,30.756650373229924,2,96,0,0,1,0.0
1395,30.77990039347467,1,95,0,0,1,0.0
1396,30.831381723369436,2,94,0,0,1,0.0
1397,30.83254179185811,2,93,0,0,1,0.0
1398,30.83650770910021,1,92,0,0,1,0.0
1399,30.894497056767264,2,91,0,0,1,0.0
1400,30.90329743949415,1,90,0,0,1,0.0
1401,30.927722245948427,2,89,0,0,1,0.0
1402,30.95345240332827,2,88,0,0,1,0.0
1403,30.96824613655143,1,87,0,0,1,0.0
1404,30.972786396984507,2,86,0,0,1,0.0
1405,30.97669762932268,1,85,0,0,1,0.0
1406,31.009221874418554,1,84,0,0,1,0.0
1407,31.015082749122588,2,83,0,0,1,0.0
1408,31.025055261489243,2,82,0,0,1,0.0
1409,31.045431531041153,1,81,0,0,1,0.0
1410,31.054115687442412,1,80,0,0,1,0.0
1411,31.06836456935321,2,79,0,0,1,0.0
1412,31.106833588288307,2,78,0,0,1,0.0
1413,31.110029320109955,1,77,0,0,1,0.0
1414,31.150165825252067,1,76,0,0,1,0.0
1415,31.1657670768523,2,75,0,0,1,0.0
1416,31.225660605088958,1,74,0,0,1,0.0
1417,31.2820442741094,1,73,0,0,1,0.0
1418,31.300729243618854,2,72,0,0,1,0.0
1419,31.328211050668024,1,71,0,0,1,0.0
1420,31.35320775723908,1,70,0,0,1,0.0
1421,31.37080556629604,1,69,0,0,1,0.0
1422,31.37518539727096,2,68,0,0,1,0.0
1423,31.38684649659734,2,67,0,0,1,0.0
1424,31.393523770345066,2,66,0,0,1,0.0
1425,31.427415560135326,1,65,0,0,1,0.0
1426,31.433729282243405,1,64,0,0,1,0.0
1427,31.443073257606603,2,63,0,0,1,0.0
1428,31.486727044310395,2,62,0,0,1,0.0
1429,31.491182130231206,2,61,0,0,1,0.0
1430,31.499401597488518,2,60,0,0,1,0.0
1431,31.551217718532993,2,59,0,0,1,0.0
1432,31.581870734230762,2,58,0,0,1,0.0
1433,31.628733827804034,1,57,0,0,1,0.0
1434,31.642681501517604,2,56,0,0,1,0.0
1435,31.643105235417913,1,55,0,0,1,0.0
1436,31.67099616823444,2,54,0,0,1,0.0
1437,31.682490237187192,1,53,0,0,1,0.0
1438,31.726572429179875,1,52,0,0,1,0.0
1439,31.732949596102564,2,51,0,0,1,0.0
1440,31.78229481310297,1,50,0,0,1,0.0
1441,31.795529066659075,2,49,0,0,1,0.0
1442,31.943986606899138,1,48,0,0,1,0.0
1443,31.948624556646152,1,47,0,0,1,0.0
1444,31.970340528878246,1,46,0,0,1,0.0
1445,31.992220284856767,2,45,0,0,1,0.0
1446,31.998978520945315,1,44,0,0,1,0.0
1447,32.00227060500547,1,43,0,0,1,0.0
1448,32.003395205815885,2,42,0,0,1,0.0
1449,32.01659635406368,2,41,0,0,1,0.0
1450,32.016813987433814,2,40,0,0,1,0.0
1451,32.050758442210416,1,39,0,0,1,0.0
1452,32.06478527176197,2,38,0,0,1,0.0
1453,32.087777822506645,2,37,0,0,1,0.0
1454,32.11742960445436,2,36,0,0,1,0.0
1455,32.15716544078802,2,35,0,0,1,0.0
1456,32.163008028388994,1,34,0,0,1,0.0
1457,32.17783866078829,2,33,0,0,1,0.0
1458,32.192548069885646,2,32,0,0,1,0.0
1459,32.23503929193325,2,31,0,0,1,0.0
1460,32.24109290431967,2,30,0,0,1,0.0
1461,32.288648555418874,1,29,0,0,1,0.0
1462,32.31466799117913,2,28,0,0,1,0.0
1463,32.31556892944022,1,27,0,0,1,0.0
1464,32.31918414403065,1,26,0,0,1,0.0
1465,32.328312132380965,1,25,0,0,1,0.0
1466,32.32985761579228,1,24,0,0,1,0.0
1467,32.34071135732184,1,23,0,0,1,0.0
1468,32.3478827696164,1,22,0,0,1,0.0
1469,32.35913515788515,2,21,0,0,1,0.0
1470,32.41159116243897,1,20,0,0,1,0.0
1471,32.413749150987826,2,19,0,0,1,0.0
1472,32.43586423674555,1,18,0,0,1,0.0
1473,32.44352384240893,2,17,0,0,1,0.0
1474,32.45194007406106,1,16,0,0,1,0.0
1475,32.47000118764399,2,15,0,0,1,0.0
1476,32.4940915044069,2,14,0,0,1,0.0
1477,32.499453544980824,2,13,0,0,1,0.0
1478,32.53210817389352,1,12,0,0,1,0.0
1479,32.54061956030968,2,11,0,0,1,0.0
1480,32.551217718532996,3,191,0,0,0,0.0
1481,32.563173751850336,1,190,0,0,1,0.0
1482,32.59098482681176,1,189,0,0,1,0.0
1483,32.59814267886557,2,188,0,0,1,0.0
1484,32.62393043471857,2,187,0,0,1,0.0
1485,32.634333854067684,2,186,0,0,1,0.0
1486,32.63786527101153,2,185,0,0,1,0.0
1487,32.65951449077098,1,184,0,0,1,0.0
1488,32.67619289553187,2,183,0,0,1,0.0
1489,32.68487251185963,1,182,0,0,1,0.0
1490,32.69606638892298,1,181,0,0,1,0.0
1491,32.71255298452813,1,180,0,0,1,0.0
1492,32.717990087138176,1,179,0,0,1,0.0
1493,32.771641234043486,2,178,0,0,1,0.0
1494,32.80729773254152,2,177,0,0,1,0.0
1495,32.8080723181272,1,176,0,0,1,0.0
1496,32.862532620198635,2,175,0,0,1,0.0
1497,32.86270923950291,2,174,0,0,1,0.0
1498,32.88014677425,2,173,0,0,1,0.0
1499,32.8938004549202,1,172,0,0,1,0.0
1500,32.915176773061035,2,171,0,0,1,0.0
1501,32.93055117833378,2,170,0,0,1,0.0
1502,32.945836938916216,2,169,0,0,1,0.0
1503,32.95212334160262,2,168,0,0,1,0.0
1504,32.95476708662085,1,167,0,0,1,0.0
1505,32.962688823836345,2,166,0,0,1,0.0
1506,32.96699357533312,1,165,0,0,1,0.0
1507,32.97115332058849,2,164,0,0,1,0.0
1508,32.985580298811946,2,163,0,0,1,0.0
1509,32.998138928419735,1,162,0,0,1,0.0
1510,33.00139410599828,2,161,0,0,1,0.0
1511,33.00458367065951,2,160,0,0,1,0.0
1512,33.02747652638101,2,159,0,0,1,0.0
1513,33.08281709586304,1,158,0,0,1,0.0
1514,33.08926035835402,1,157,0,0,1,0.0
1515,33.10160358390572,2,156,0,0,1,0.0
1516,33.1064737374684,2,155,0,0,1,0.0
1517,33.12188840340736,2,154,0,0,1,0.0
1518,33.13286963662108,2,153,0,0,1,0.0
1519,33.16227173159447,2,152,0,0,1,0.0
1520,33.175906415196714,1,151,0,0,1,0.0
1521,33.18839840795497,2,150,0,0,1,0.0
1522,33.20207963545726,2,149,0,0,1,0.0
1523,33.21338088936095,2,148,0,0,1,0.0
1524,33.220439371129785,1,147,0,0,1,0.0
1525,33.22420555379448,2,146,0,0,1,0.0
1526,33.23695373630806,2,145,0,0,1,0.0
1527,33.25819759128187,2,144,0,0,1,0.0
1528,33.262216866496615,2,143,0,0,1,0.0
1529,33.345996870829005,2,142,0,0,1,0.0
1530,33.38183853220311,2,141,0,0,1,0.0
1531,33.41940579223601,2,140,0,0,1,0.0
1532,33.45676732355116,2,139,0,0,1,0.0
1533,33.480663112176785,2,138,0,0,1,0.0
1534,33.49484857516965,1,137,0,0,1,0.0
1535,33.53883098422304,1,136,0,0,1,0.0
1536,33.58353930356688,2,135,0,0,1,0.0
1537,33.58716508263369,2,134,0,0,1,0.0
1538,33.59432976940859,2,133,0,0,1,0.0
1539,33.612611179898245,2,132,0,0,1,0.0
1540,33.61392288576561,1,131,0,0,1,0.0
1541,33.62481121285953,2,130,0,0,1,0.0
1542,33.63430064935294,2,129,0,0,1,0.0
1543,33.646473555749466,1,128,0,0,1,0.0
1544,33.65187003269841,1,127,0,0,1,0.0
1545,33.66688065137366,2,126,0,0,1,0.0
1546,33.680000615432256,1,125,0,0,1,0.0
1547,33.693775702748255,2,124,0,0,1,0.0
1548,33.70804528700376,2,123,0,0,1,0.0
1549,33.754875938597564,1,122,0,0,1,0.0
1550,33.76321344028907,2,121,0,0,1,0.0
1551,33.78259559036785,2,120,0,0,1,0.0
1552,33.78442267714199,2,119,0,0,1,0.0
1553,33.7864321835995,1,118,0,0,1,0.0
1554,33.79548024015802,2,117,0,0,1,0.0
1555,33.81464417737902,2,116,0,0,1,0.0
1556,33.83939414588907,2,115,0,0,1,0.0
1557,33.841989050605484,2,114,0,0,1,0.0
1558,33.862699462345695,1,113,0,0,1,0.0
1559,33.863640477699285,2,112,0,0,1,0.0
1560,33.86650910204571,2,111,0,0,1,0.0
1561,33.88476343585358,2,110,0,0,1,0.0
1562,33.899005094401474,2,109,0,0,1,0.0
1563,33.90056745670965,2,108,0,0,1,0.0
1564,33.96214616188912,1,107,0,0,1,0.0
1565,33.9685719119268,2,106,0,0,1,0.0
1566,33.97637855224105,1,105,0,0,1,0.0
1567,33.98574065336925,2,104,0,0,1,0.0
1568,33.98954448523909,1,103,0,0,1,0.0
1569,34.014692727181334,2,102,0,0,1,0.0
1570,34.022610504418125,1,101,0,0,1,0.0
1571,34.03366622438831,2,100,0,0,1,0.0
1572,34.03536521341678,1,99,0,0,1,0.0
1573,34.04169883031766,2,98,0,0,1,0.0
1574,34.06061672536106,1,97,0,0,1,0.0
1575,34.06064090707852,2,96,0,0,1,0.0
1576,34.06444587312362,2,95,0,0,1,0.0
1577,34.18134786024003,2,94,0,0,1,0.0
1578,34.234759615480215,1,93,0,0,1,0.0
1579,34.23774753398475,2,92,0,0,1,0.0
1580,34.302426196640056,1,91,0,0,1,0.0
1581,34.306538136741956,1,90,0,0,1,0.0
1582,34.32582831013033,1,89,0,0,1,0.0
1583,34.361298529181965,2,88,0,0,1,0.0
1584,34.3786825230278,2,87,0,0,1,0.0
1585,34.38951167860656,2,86,0,0,1,0.0
1586,34.40374586387858,2,85,0,0,1,0.0
1587,34.417560778692994,2,84,0,0,1,0.0
1588,34.42501992824887,2,83,0,0,1,0.0
1589,34.42526666113454,2,82,0,0,1,0.0
1590,34.43936597859178,1,81,0,0,1,0.0
1591,34.45259046739048,2,80,0,0,1,0.0
1592,34.533762447322395,1,79,0,0,1,0.0
1593,34.5346864773389,2,78,0,0,1,0.0
1594,34.53576083471474,2,77,0,0,1,0.0
1595,34.58162548296692,2,76,0,0,1,0.0
1596,34.59327783404667,2,75,0,0,1,0.0
1597,34.597398545168865,2,74,0,0,1,0.0
1598,34.608030616791375,2,73,0,0,1,0.0
1599,34.62124462398688,2,72,0,0,1,0.0
1600,34.62151927844902,2,71,0,0,1,0.0
1601,34.635224144717775,2,70,0,0,1,0.0
1602,34.63712083429515,2,69,0,0,1,0.0
1603,34.64334384369174,2,68,0,0,1,0.0
1604,34.64426703614756,1,67,0,0,1,0.0
1605,34.64434854919672,1,66,0,0,1,0.0
1606,34.68009962909795,2,65,0,0,1,0.0
1607,34.73596799827179,1,64,0,0,1,0.0
1608,34.74342836650643,2,63,0,0,1,0.0
1609,34.77907340693473,2,62,0,0,1,0.0
1610,34.79084315716174,2,61,0,0,1,0.0
1611,34.85636474604336,2,60,0,0,1,0.0
1612,34.87411252563979,2,59,0,0,1,0.0
1613,34.875571203892754,2,58,0,0,1,0.0
1614,34.9146363933412,1,57,0,0,1,0.0
1615,34.921730101488926,2,56,0,0,1,0.0
1616,34.92665012724802,2,55,0,0,1,0.0
1617,34.98153541348911,2,54,0,0,1,0.0
1618,34.98442179913107,1,53,0,0,1,0.0
1619,35.05517962231887,2,52,0,0,1,0.0
1620,35.079565981684304,2,51,0,0,1,0.0
1621,35.10538646827774,2,50,0,0,1,0.0
1622,35.16498036477816,2,49,0,0,1,0.0
1623,35.19086583583021,1,48,0,0,1,0.0
1624,35.19144881967044,2,47,0,0,1,0.0
1625,35.196716896042425,2,46,0,0,1,0.0
1626,35.19673063778544,2,45,0,0,1,0.0
1627,35.19743049759195,1,44,0,0,1,0.0
1628,35.22981342963123,1,43,0,0,1,0.0
1629,35.238054645966734,2,42,0,0,1,0.0
1630,35.29741688025079,1,41,0,0,1,0.0
1631,35.30054192789382,1,40,0,0,1,0.0
1632,35.30905403162589,1,39,0,0,1,0.0
1633,35.32064901912793,2,38,0,0,1,0.0
1634,35.33353754063636,2,37,0,0,1,0.0
1635,35.34299748177328,2,36,0,0,1,0.0
1636,35.35154678954505,2,35,0,0,1,0.0
1637,35.3674127440537,1,34,0,0,1,0.0
1638,35.40336724324496,2,33,0,0,1,0.0
1639,35.44150262597952,1,32,0,0,1,0.0
1640,35.46690422635546,1,31,0,0,1,0.0
1641,35.52237014615592,2,30,0,0,1,0.0
1642,35.52953572448767,2,29,0,0,1,0.0
1643,35.5371017570792,2,28,0,0,1,0.0
1644,35.556917985009385,1,27,0,0,1,0.0
1645,35.56555254889932,2,26,0,0,1,0.0
1646,35.636558570121224,2,25,0,0,1,0.0
1647,35.698502609670435,2,24,0,0,1,0.0
1648,35.71131075387513,2,23,0,0,1,0.0
1649,35.711944622745705,1,22,0,0,1,0.0
1650,35.72325292137357,2,21,0,0,1,0.0
1651,35.745098290630885,2,20,0,0,1,0.0
1652,35.767498753206816,2,19,0,0,1,0.0
1653,35.76935582131724,1,18,0,0,1,0.0
1654,35.77602330525092,2,17,0,0,1,0.0
1655,35.78494339006506,2,16,0,0,1,0.0
1656,35.7933079057841,2,15,0,0,1,0.0
1657,35.83073088129804,2,14,0,0,1,0.0
1658,35.846031270706185,2,13,0,0,1,0.0
1659,35.849534744040405,1,12,0,0,1,0.0
1660,35.85691238458314,2,11,0,0,1,0.0
1661,35.87411252563979,3,191,0,0,0,0.0
